{
    "bottom_shell_layers": "2",
    "bottom_solid_infill_flow_ratio": "0.95",
    "elefant_foot_compensation": "0",
    "from": "User",
    "gap_infill_speed": "150",
    "infill_anchor_max": "10",
    "inherits": "0.20mm Standard @Anycubic Kobra 2 Pro 0.4 nozzle",
    "initial_layer_infill_speed": "60",
    "initial_layer_print_height": "0.2",
    "initial_layer_speed": "60",
    "inner_wall_line_width": "0.42",
    "inner_wall_speed": "300",
    "internal_solid_infill_line_width": "0.45",
    "internal_solid_infill_speed": "225",
    "is_custom_defined": "0",
    "layer_height": "0.16",
    "name": "AC Kobra 2 Pro - 0.16 - HighQuality",
    "only_one_wall_top": "0",
    "outer_wall_speed": "195",
    "print_settings_id": "AC Kobra 2 Pro - 0.16 - HighQuality",
    "resolution": "0.01",
    "scarf_joint_speed": "75%",
    "seam_gap": "10%",
    "seam_position": "back",
    "seam_slope_conditional": "1",
    "seam_slope_type": "all",
    "sparse_infill_speed": "225",
    "staggered_inner_seams": "1",
    "support_line_width": "0.42",
    "top_shell_layers": "3",
    "top_solid_infill_flow_ratio": "0.95",
    "top_surface_speed": "175",
    "travel_acceleration": "60000",
    "travel_speed": "250",
    "version": "1.3.2412.28",
    "wall_generator": "arachne",
    "wall_sequence": "outer wall/inner wall",
    "wipe_before_external_loop": "1",
    "wipe_on_loops": "1"
}
