{
    "bottom_shell_layers": "2",
    "bottom_solid_infill_flow_ratio": "0.95",
    "elefant_foot_compensation": "0.3",
    "from": "User",
    "infill_anchor_max": "10",
    "inherits": "0.20mm Standard @Anycubic Kobra 2 Pro 0.4 nozzle",
    "initial_layer_infill_speed": "80",
    "initial_layer_speed": "80",
    "inner_wall_line_width": "0.42",
    "inner_wall_speed": "400",
    "internal_solid_infill_line_width": "0.45",
    "internal_solid_infill_speed": "300",
    "is_custom_defined": "0",
    "name": "AC Kobra 2 Pro - 0.20 - PETG",
    "only_one_wall_top": "0",
    "outer_wall_speed": "265",
    "print_settings_id": "AC Kobra 2 Pro - 0.20 - PETG",
    "resolution": "0.01",
    "scarf_joint_speed": "75%",
    "seam_gap": "10%",
    "seam_slope_conditional": "1",
    "seam_slope_inner_walls": "1",
    "sparse_infill_speed": "300",
    "staggered_inner_seams": "1",
    "support_line_width": "0.42",
    "top_shell_layers": "4",
    "top_solid_infill_flow_ratio": "0.95",
    "top_surface_speed": "260",
    "version": "1.3.2412.28",
    "wall_generator": "arachne",
    "wall_sequence": "outer wall/inner wall",
    "wipe_before_external_loop": "1",
    "wipe_on_loops": "1"
}
