{
    "fan_max_speed": [
        "50"
    ],
    "fan_min_speed": [
        "30"
    ],
    "filament_cost": [
        "27"
    ],
    "filament_density": [
        "1.27"
    ],
    "filament_max_volumetric_speed": [
        "30"
    ],
    "filament_settings_id": [
        "PETG @ AC Kobra 2 Pro 0.4 nozzle"
    ],
    "filament_vendor": [
        "\"Any\""
    ],
    "from": "User",
    "hot_plate_temp": [
        "70"
    ],
    "hot_plate_temp_initial_layer": [
        "80"
    ],
    "inherits": "Anycubic PETG @Anycubic Kobra 2 Pro 0.4 nozzle",
    "is_custom_defined": "0",
    "name": "PETG @ AC Kobra 2 Pro 0.4 nozzle",
    "nozzle_temperature": [
        "260"
    ],
    "nozzle_temperature_initial_layer": [
        "245"
    ],
    "nozzle_temperature_range_high": [
        "260"
    ],
    "nozzle_temperature_range_low": [
        "230"
    ],
    "version": "1.3.2412.28"
}
