{
    "deretraction_speed": [
        "0"
    ],
    "from": "User",
    "inherits": "Anycubic Kobra 2 Pro 0.4 nozzle",
    "is_custom_defined": "0",
    "machine_max_speed_e": [
        "10",
        "80"
    ],
    "machine_max_speed_z": [
        "30",
        "16"
    ],
    "machine_start_gcode": "G90 ;Use absolute coordinates\nM83 ;Extruder relative mode\nM140 S[first_layer_bed_temperature] ;Set bed temp\nM104 S[first_layer_temperature] ;Set extruder temp\nM190 S[first_layer_bed_temperature] ;Wait for bed temp\nM109 S[first_layer_temperature] ;Wait for extruder temp\nG28 ;Move X/Y/Z to min endstops\nG1 Z0.28 ;Lift nozzle a bit\nG92 E0 ;Specify current extruder position as zero\nG1 Y222 F1800 ;Move Y to purge point\nG1 X180 E25 F500 ;Extrude 25mm of filament in a 5cm line\nG92 E0 ;Zero the extruded length again\nG1 E-0.2 F500 ;Retract a little\nG1 X181 F4000 ;Quickly wipe away from the filament line\nM117\nM900 K0.07",
    "max_layer_height": [
        "0.34"
    ],
    "min_layer_height": [
        "0.07"
    ],
    "name": "Anycubic Kobra 2 Pro - 0.4 nozzle",
    "printer_settings_id": "Anycubic Kobra 2 Pro - 0.4 nozzle",
    "retract_before_wipe": [
        "50%"
    ],
    "retraction_length": [
        "0.8"
    ],
    "retraction_minimum_travel": [
        "2"
    ],
    "retraction_speed": [
        "40"
    ],
    "travel_slope": [
        "15"
    ],
    "version": "1.3.2412.28",
    "z_hop_types": [
        "Slope Lift"
    ]
}
