{
    "filament_deretraction_speed": [
        "0"
    ],
    "filament_retract_before_wipe": [
        "50%"
    ],
    "filament_retract_when_changing_layer": [
        "1"
    ],
    "filament_retraction_length": [
        "0.8"
    ],
    "filament_retraction_speed": [
        "40"
    ],
    "filament_settings_id": [
        "PLA @Anycubic Kobra 2 Pro 0.4 nozzle"
    ],
    "filament_wipe": [
        "1"
    ],
    "filament_z_hop": [
        "1.5"
    ],
    "filament_z_hop_types": [
        "Slope Lift"
    ],
    "from": "User",
    "hot_plate_temp_initial_layer": [
        "65"
    ],
    "inherits": "Anycubic PLA @Anycubic Kobra 2 Pro 0.4 nozzle",
    "is_custom_defined": "0",
    "name": "PLA @Anycubic Kobra 2 Pro 0.4 nozzle",
    "nozzle_temperature": [
        "215"
    ],
    "nozzle_temperature_range_high": [
        "225"
    ],
    "pressure_advance": [
        "0.064"
    ],
    "slow_down_layer_time": [
        "0"
    ],
    "slow_down_min_speed": [
        "25"
    ],
    "version": "1.3.2411.20"
}
